Model,Precision,Recall,F1-Score,ROC-AUC,PR-AUC,F1_normalized,PR_AUC_normalized,Combined_Score
Logistic Regression (Tuned),0.4308510638297872,0.801980198019802,0.5605536332179931,0.9284121072657724,0.6299915872444418,0.3050860211070994,0.9175609451876641,1.2226469662947634
Random Forest (Tuned),0.484472049689441,0.7722772277227723,0.5954198473282443,0.9280790464367538,0.5906153571242406,0.6393997488164431,0.7789053606480679,1.418305109464511
XGBoost (Tuned),0.5897435897435898,0.6831683168316832,0.6330275229357798,0.931096779402711,0.6534031059178896,0.9999999041152772,0.9999999647869834,1.9999998689022607
Decision Tree,0.43125,0.6831683168316832,0.5287356321839081,0.7413126633764295,0.3694172220143054,0.0,0.0,0.0
